﻿<?xml version="1.0" encoding="utf-8" standalone="no" ?>
<modDesc descVersion="63">
    <title>
        <en>Animal Inspector</en>
        <de>Tierinspektor</de>
    </title>
    <description>
        <en><![CDATA[Animal Inspector shows your (non-horse) animal husbandries at a glance

Options:
 - Show number of animals and space left
 - Show food levels (total and individual)
 - Show output products and their fill levels
 - Show animal health average, breeding average, and immature animal percentage
 - Add an underscore to the animal pen name to hide it from the HUD (_)

Default Input Bindings:
Left Ctrl + Left Alt + Num Pad 7 : Reload configuration file from disk
Left Alt + Num Pad 7 : Toggle display on and off

Changelog:

v1.0.0.1
 - Add animal pen sorting by name
 - Add conditionally ignoring pens that end with a underscore ("_") character
v.1.0.0.2
 - Fix loading of font size from xml settings
 - Add font size choice to settings menu
 ]]></en>
        <de><![CDATA[Animal Inspector zeigt Ihre (Nicht-Pferde-)Tierhaltungen auf einen Blick

Optionen:
 - Anzeige der Anzahl der Tiere und des verbleibenden Platzes
 - Futterstände anzeigen (gesamt und einzeln)
 - Anzeige der Ausgangsprodukte und ihrer Füllstände
 - Anzeige des durchschnittlichen Gesundheitszustands der Tiere, des Zuchtdurchschnitts und des Prozentsatzes unreifer Tiere
 - Fügen Sie einen Unterstrich an den Namen des Tieres an, um ihn vor dem HUD zu verbergen (_)

 Standard-Eingabebindungen:
Left Ctrl + Left Alt + Num Pad 7 : Konfigurationsdatei von der Festplatte neu laden
Left Alt + Num Pad 7 : Anzeige ein- und ausschalten

Changelog:

v1.0.0.1
 - Sortierung der Tierstifte nach Namen hinzufügen
 - Hinzufügen des bedingten Ignorierens von Stiften, die mit einem Unterstrich ("_") enden
v.1.0.0.2
 - Reparieren des Ladens der Schriftgröße aus den xml-Einstellungen
 - Auswahl der Schriftgröße im Einstellungsmenü hinzugefügt
 ]]></de>
    </description>
    <author>JTSage</author>
    <version>1.0.0.2</version>
    <iconFilename>modIcon.dds</iconFilename>
    <multiplayer supported="true"/>
    <extraSourceFiles>
        <sourceFile filename="loader.lua"/>
    </extraSourceFiles>
    <l10n filenamePrefix="translations/translation"/>

    <actions>
        <action name="AnimalInspector_reload_config" category="SYSTEM" axisType="HALF" ignoreComboMask="false" />
        <action name="AnimalInspector_toggle_visible" category="SYSTEM" axisType="HALF" ignoreComboMask="false" />
    </actions>
    <inputBinding>
        <actionBinding action="AnimalInspector_reload_config">
            <binding device="KB_MOUSE_DEFAULT" input="KEY_lctrl KEY_lalt KEY_KP_7" axisComponent="+" neutralInput="0" index="1" />
        </actionBinding>
        <actionBinding action="AnimalInspector_toggle_visible">
            <binding device="KB_MOUSE_DEFAULT" input="KEY_lalt KEY_KP_7" axisComponent="+" neutralInput="0" index="1" />
        </actionBinding>
    </inputBinding>
</modDesc>
